ET00068588,badhaai-ho,badhaai ho,2018-10-29 19:15:00
ET00055106,baazaar,baazaar,2018-10-29 19:15:00
ET00077959,andhadhun,andhadhun,2018-10-29 19:15:00
ET00079092,tumbbad,tumbbad,2018-10-29 19:15:00
ET00071703,qismat,qismat,2018-10-29 19:15:00
ET00061982,sui-dhaaga-made-in-india,sui dhaaga made in india,2018-10-29 19:15:00
ET00046526,incredibles-2,incredibles 2,2018-10-29 19:15:00
ET00069122,venom,venom,2018-10-29 19:15:00
ET00069350,namaste-england,namaste england,2018-10-29 19:15:00
ET00072331,first-man,first man,2018-10-29 19:15:00
ET00072476,goosebumps-2-haunted-halloween,goosebumps 2 haunted halloween,2018-10-29 19:15:00
ET00080589,hunter-killer,hunter killer,2018-10-29 19:15:00
ET00068789,kayamkulam-kochunni,kayamkulam kochunni,2018-10-29 19:15:00
ET00065290,hotel-transylvania-3-a-monster-vacation,hotel transylvania 3 a monster vacation,2018-10-29 19:15:00
ET00049107,a-star-is-born,a star is born,2018-10-29 19:15:00
ET00074737,halloween,halloween,2018-10-29 19:15:00
ET00078989,kaashi,kaashi,2018-10-29 19:15:00
ET00071661,hereditary,hereditary,2018-10-29 19:15:00
ET00075046,5-weddings,5 weddings,2018-10-29 19:15:00
ET00052485,crazy-rich-asians,crazy rich asians,2018-10-29 19:15:00
ET00065784,smallfoot,smallfoot,2018-10-29 19:15:00
ET00042453,vada-chennai,vada chennai,2018-10-29 19:15:00
ET00074435,ranjha-refugee,ranjha refugee,2018-10-29 19:15:00
ET00075763,hello-guru-prema-kosame,hello guru prema kosame,2018-10-29 19:15:00
ET00084794,chalakkudikkaran-changathi,chalakkudikkaran changathi,2018-10-29 19:15:00
ET00085392,the-journey-of-karma,the journey of karma,2018-10-29 19:15:00
ET00084854,dassehra,dassehra,2018-10-29 19:15:00
ET00021990,the-house-of-dead-horror-combo-7d,the house of dead horror combo 7d,2018-10-29 19:15:00
ET00019360,dinosaur-adventure-combo-7d,dinosaur adventure combo 7d,2018-10-29 19:15:00
ET00058667,ratsasan,ratsasan,2018-10-29 19:15:00
ET00078529,siberia,siberia,2018-10-29 19:15:00
ET00021991,wild-roller-coaster-combo-7d,wild roller coaster combo 7d,2018-10-29 19:15:00
ET00085034,chal-jaa-bapu,chal jaa bapu,2018-10-29 19:15:00
ET00084587,genius-tamil,genius tamil,2018-10-29 19:15:00
ET00004000,avatar-3d,avatar 3d,2018-10-29 19:15:00
ET00008457,titanic-3d,titanic 3d,2018-10-29 19:15:00
ET00087305,baazaar-exclusively-for-women,baazaar exclusively for women,2018-10-29 19:15:00
ET00020493,oculus,oculus,2018-10-29 19:15:00
ET00083756,preethi-keli-sneha-kaledukollabedi,preethi keli sneha kaledukollabedi,2018-10-29 19:15:00
ET00087168,ammachi-yemba-nenapu,ammachi yemba nenapu,2018-10-29 19:15:00
ET00086936,gvana-yajna,gvana yajna,2018-10-29 19:15:00
ET00086115,victory-2,victory 2,2018-10-29 19:15:00
ET00077872,drama-malayalam,drama malayalam,2018-10-29 19:15:00
